<?xml version="1.0" encoding="UTF-8"?><metadata>
    <idinfo>
        <citation>
            <citeinfo>
                <origin/>
                <pubdate>20090729</pubdate>
                <title>Oil Spill Incident Tracking [ds394]</title>
                <geoform>vector digital data</geoform>
                <onlink>https://wildlife.ca.gov/Data/BIOS</onlink>
                <onlink>https://filelib.wildlife.ca.gov/Public/BDB/GIS/BIOS/Public_Datasets/300_399/ds394.zip</onlink>
            </citeinfo>
        </citation>
        <descript>
            <abstract>The Office of Spill Prevention and Response (OSPR) Incident Tracking Database is a statewide oil spill tracking information system. The data are collected by OSPR Field Response Team members for Marine oil spills and by OSPR Inland Pollution Coordinators and Wardens for Inland incidents.</abstract>
            <purpose>The database system is designed to provide OSPR with quantified statistical data on oil spill response by OSPR field responders. The OSPR Incident Tracking Database System project was initiated to provide OSPR with oil spill incident data for statistical evaluation and justification for program planning, drills and exercise training and development, legislative analysis, budget preparation, to inform and educate the public and analyze OSPR's overall spill preparedness and response performance. An "incident", for purposes of this database, is "a discharge or threatened discharge of petroleum or other deleterious material into the waters of the state."</purpose>
        </descript>
        <spdom>
            <bounding>
                <westbc>-124.240641</westbc>
                <eastbc>-114.603377</eastbc>
                <northbc>41.967877</northbc>
                <southbc>31.987005</southbc>
            </bounding>
        </spdom>
        <keywords>
            <theme>
                <themekt>None</themekt>
                <themekey>Auth_CDFW</themekey>
                <themekey>California Department of Fish And Wildlife</themekey>
                <themekey>California Natural Resources Agency</themekey>
                <themekey>CAOpenData</themekey>
                <themekey>spills</themekey>
                <themekey>incidents</themekey>
                <themekey>spill response</themekey>
                <themekey>ds0394_20090730_wm</themekey>
            </theme>
        </keywords>
        <accconst>None</accconst>
        <useconst>License: This work is licensed under Creative Commons Attribution 4.0 International License (https://creativecommons.org/licenses/by/4.0/). Using the citation standards recommended for BIOS datasets (https://www.wildlife.ca.gov/Data/BIOS/Citing-BIOS) satisfies the attribution requirements of this license.Disclaimer: The State makes no claims, promises, or guarantees about the accuracy, completeness, reliability, or adequacy of these data and expressly disclaims liability for errors and omissions in these data. No warranty of any kind, implied, expressed, or statutory, including but not limited to the warranties of non-infringement of third party rights, title, merchantability, fitness for a particular purpose, and freedom from computer virus, is given with respect to these data.</useconst>
        <ptcontac>
            <cntinfo>
                <cntorgp>
                    <cntorg>California Department of Fish and Wildlife</cntorg>
                </cntorgp>
            </cntinfo>
        </ptcontac>
        <ptcontac>
            <cntinfo>
                <cntorgp>
                    <cntorg>California Department of Fish and Wildlife, Office of Spill Prevention and Response (OSPR)</cntorg>
                    <cntper>Mark Lampinen</cntper>
                </cntorgp>
                <cntvoice>9163224777</cntvoice>
                <cntemail>Mark.Lampinen@wildlife.ca.gov</cntemail>
            </cntinfo>
        </ptcontac>
        <ptcontac>
            <cntinfo>
                <cntorgp>
                    <cntorg>California Department of Fish and Wildlife, Office of Spill Prevention and Response (OSPR)</cntorg>
                    <cntper>Mark Lampinen</cntper>
                </cntorgp>
                <cntvoice>9163224777</cntvoice>
                <cntemail>Mark.Lampinen@wildlife.ca.gov</cntemail>
            </cntinfo>
        </ptcontac>
        <datacred>Cal EMA, DFG-OSPR</datacred>
        <native> Version 6.2 (Build 9200) ; Esri ArcGIS 10.6.1.9270</native>
    </idinfo>
    <spdoinfo>
        <direct>Vector</direct>
        <ptvctinf>
            <sdtsterm>
                <sdtstype>Entity point</sdtstype>
                <ptvctcnt>3237</ptvctcnt>
            </sdtsterm>
        </ptvctinf>
    </spdoinfo>
    <eainfo>
        <detailed>
            <enttyp>
                <enttypl>ds394</enttypl>
            </enttyp>
            <attr>
                <attrlabl>OBJECTID</attrlabl>
                <attrdef>Internal feature number.</attrdef>
                <attrdefs>Esri</attrdefs>
                <attrdomv>
                                        
                    <udom>Sequential unique whole numbers that are automatically generated.</udom>
                                    
                </attrdomv>
            </attr>
            <attr>
                <attrlabl>Shape</attrlabl>
                <attrdef>Feature geometry.</attrdef>
                <attrdefs>ESRI</attrdefs>
                <attrdomv>
                                        
                    <udom>Coordinates defining the features.</udom>
                                    
                </attrdomv>
            </attr>
            <attr>
                <attrlabl>DFGControl</attrlabl>
                <attrdef>Unique number assigned to incidents.</attrdef>
            </attr>
            <attr>
                <attrlabl>OESNUMBER</attrlabl>
                <attrdef>Control number assigned by Cal EMA</attrdef>
            </attr>
            <attr>
                <attrlabl>TIMEOFINCI</attrlabl>
                <attrdef>Time the incident was reported.</attrdef>
            </attr>
            <attr>
                <attrlabl>DateofInci</attrlabl>
                <attrdef>Date the incident was reported.</attrdef>
            </attr>
            <attr>
                <attrlabl>InlandMari</attrlabl>
                <attrdef>Location of the incident, inland or marine, marine data is from entry by Oil Spill Prevention Specialists and is accurate to 98%, inland data is based on California Emergency Management Agency reports is only as accurate as the reporting party.</attrdef>
            </attr>
            <attr>
                <attrlabl>Latitude</attrlabl>
                <attrdef>Latitude coordinate (Y) of the incident-NAD83.</attrdef>
            </attr>
            <attr>
                <attrlabl>WATERWAY</attrlabl>
                <attrdef>Name of the water body affected by the spill.</attrdef>
            </attr>
            <attr>
                <attrlabl>LOCALECITY</attrlabl>
                <attrdef>Location of the spill site.</attrdef>
            </attr>
            <attr>
                <attrlabl>LOCALECOUN</attrlabl>
                <attrdef>Location of the spill site, California counties.</attrdef>
            </attr>
            <attr>
                <attrlabl>Longitude</attrlabl>
                <attrdef>Longitude coordinate (X) of the incident - NAD83.</attrdef>
            </attr>
            <attr>
                <attrlabl>SpecificLo</attrlabl>
                <attrdef>Type of water affected by the spill, "Marine waters" means those waters subject to tidal influence and includes the waterways used for waterborne commercial vessel traffic to the Port of Sacramento and the Port of Stockton (Gov. Code 8670.3 (i), fresh water is the water in inland lakes, streams, rivers and canals.</attrdef>
            </attr>
            <attr>
                <attrlabl>Water</attrlabl>
                <attrdef>Did the spill contact surface water? Did it pass into the waters of the state?</attrdef>
            </attr>
        </detailed>
    </eainfo>
    <distinfo>
        <distliab>See access and use constraints information.</distliab>
        <stdorder>
            <digform>
                <digtinfo>
                    <formname>Shapefile</formname>
                    <transize>0.087</transize>
                </digtinfo>
                <digtopt>
                    <onlinopt/>
                </digtopt>
            </digform>
        </stdorder>
    </distinfo>
    <metainfo>
        <metd>20231024</metd>
        <metstdn>FGDC Content Standard for Digital Geospatial Metadata</metstdn>
        <metstdv>FGDC-STD-001-1998</metstdv>
        <mettc>local time</mettc>
    </metainfo>
</metadata>
